GEO.id,GEO.id2,GEO.display-label,HD01_VD01,HD02_VD01
Id,Id2,Geography,Estimate; Median value (dollars),Margin of Error; Median value (dollars)
1400000US53033000100,53033000100,"Census Tract 1, King County, Washington",525300,64461
1400000US53033000200,53033000200,"Census Tract 2, King County, Washington",384100,18017
1400000US53033000300,53033000300,"Census Tract 3, King County, Washington",397700,25741
1400000US53033000401,53033000401,"Census Tract 4.01, King County, Washington",324700,41396
1400000US53033000402,53033000402,"Census Tract 4.02, King County, Washington",438200,40489
1400000US53033000500,53033000500,"Census Tract 5, King County, Washington",690300,39551
1400000US53033000600,53033000600,"Census Tract 6, King County, Washington",447500,26548
1400000US53033000700,53033000700,"Census Tract 7, King County, Washington",342000,28342
1400000US53033000800,53033000800,"Census Tract 8, King County, Washington",465800,20500
1400000US53033000900,53033000900,"Census Tract 9, King County, Washington",722500,38329
1400000US53033001000,53033001000,"Census Tract 10, King County, Washington",510700,41050
1400000US53033001100,53033001100,"Census Tract 11, King County, Washington",464800,31679
1400000US53033001200,53033001200,"Census Tract 12, King County, Washington",363100,59231
1400000US53033001300,53033001300,"Census Tract 13, King County, Washington",414600,55243
1400000US53033001400,53033001400,"Census Tract 14, King County, Washington",506600,43316
1400000US53033001500,53033001500,"Census Tract 15, King County, Washington",710000,58667
1400000US53033001600,53033001600,"Census Tract 16, King County, Washington",759200,57174
1400000US53033001701,53033001701,"Census Tract 17.01, King County, Washington",371100,33591
1400000US53033001702,53033001702,"Census Tract 17.02, King County, Washington",409300,48341
1400000US53033001800,53033001800,"Census Tract 18, King County, Washington",439000,30826
1400000US53033001900,53033001900,"Census Tract 19, King County, Washington",421000,25623
1400000US53033002000,53033002000,"Census Tract 20, King County, Washington",474600,29413
1400000US53033002100,53033002100,"Census Tract 21, King County, Washington",526100,52371
1400000US53033002200,53033002200,"Census Tract 22, King County, Washington",719200,48791
1400000US53033002400,53033002400,"Census Tract 24, King County, Washington",571700,42938
1400000US53033002500,53033002500,"Census Tract 25, King County, Washington",551900,39566
1400000US53033002600,53033002600,"Census Tract 26, King County, Washington",612000,29530
1400000US53033002700,53033002700,"Census Tract 27, King County, Washington",644600,38485
1400000US53033002800,53033002800,"Census Tract 28, King County, Washington",580700,41287
1400000US53033002900,53033002900,"Census Tract 29, King County, Washington",598200,20005
1400000US53033003000,53033003000,"Census Tract 30, King County, Washington",601800,26364
1400000US53033003100,53033003100,"Census Tract 31, King County, Washington",579300,28959
1400000US53033003200,53033003200,"Census Tract 32, King County, Washington",660500,49080
1400000US53033003300,53033003300,"Census Tract 33, King County, Washington",607000,44318
1400000US53033003400,53033003400,"Census Tract 34, King County, Washington",628200,36903
1400000US53033003500,53033003500,"Census Tract 35, King County, Washington",754000,43117
1400000US53033003600,53033003600,"Census Tract 36, King County, Washington",655700,50860
1400000US53033003800,53033003800,"Census Tract 38, King County, Washington",605500,32270
1400000US53033003900,53033003900,"Census Tract 39, King County, Washington",696100,40165
1400000US53033004000,53033004000,"Census Tract 40, King County, Washington",694200,85221
1400000US53033004100,53033004100,"Census Tract 41, King County, Washington",1123700,56426
1400000US53033004200,53033004200,"Census Tract 42, King County, Washington",689600,41410
1400000US53033004301,53033004301,"Census Tract 43.01, King County, Washington",681800,37432
1400000US53033004302,53033004302,"Census Tract 43.02, King County, Washington",-,**
1400000US53033004400,53033004400,"Census Tract 44, King County, Washington",691100,125117
1400000US53033004500,53033004500,"Census Tract 45, King County, Washington",612200,34017
1400000US53033004600,53033004600,"Census Tract 46, King County, Washington",763900,47942
1400000US53033004700,53033004700,"Census Tract 47, King County, Washington",543200,52205
1400000US53033004800,53033004800,"Census Tract 48, King County, Washington",612800,46745
1400000US53033004900,53033004900,"Census Tract 49, King County, Washington",559400,52614
1400000US53033005000,53033005000,"Census Tract 50, King County, Washington",659000,59164
1400000US53033005100,53033005100,"Census Tract 51, King County, Washington",685200,35302
1400000US53033005200,53033005200,"Census Tract 52, King County, Washington",555200,67576
1400000US53033005301,53033005301,"Census Tract 53.01, King County, Washington",121200,43825
1400000US53033005302,53033005302,"Census Tract 53.02, King County, Washington",-,**
1400000US53033005400,53033005400,"Census Tract 54, King County, Washington",597700,76598
1400000US53033005600,53033005600,"Census Tract 56, King County, Washington",836400,59962
1400000US53033005700,53033005700,"Census Tract 57, King County, Washington",646900,33306
1400000US53033005801,53033005801,"Census Tract 58.01, King County, Washington",527900,68725
1400000US53033005802,53033005802,"Census Tract 58.02, King County, Washington",614700,105380
1400000US53033005900,53033005900,"Census Tract 59, King County, Washington",710100,52474
1400000US53033006000,53033006000,"Census Tract 60, King County, Washington",776600,111360
1400000US53033006100,53033006100,"Census Tract 61, King County, Washington",737300,105867
1400000US53033006200,53033006200,"Census Tract 62, King County, Washington",905200,37469
1400000US53033006300,53033006300,"Census Tract 63, King County, Washington",1369700,281770
1400000US53033006400,53033006400,"Census Tract 64, King County, Washington",1012600,77732
1400000US53033006500,53033006500,"Census Tract 65, King County, Washington",896200,154040
1400000US53033006600,53033006600,"Census Tract 66, King County, Washington",604600,96782
1400000US53033006700,53033006700,"Census Tract 67, King County, Washington",461800,131559
1400000US53033006800,53033006800,"Census Tract 68, King County, Washington",872200,55465
1400000US53033006900,53033006900,"Census Tract 69, King County, Washington",879200,124162
1400000US53033007000,53033007000,"Census Tract 70, King County, Washington",497700,114571
1400000US53033007100,53033007100,"Census Tract 71, King County, Washington",340600,74195
1400000US53033007200,53033007200,"Census Tract 72, King County, Washington",494400,98686
1400000US53033007300,53033007300,"Census Tract 73, King County, Washington",471700,64189
1400000US53033007401,53033007401,"Census Tract 74.01, King County, Washington",282600,17316
1400000US53033007402,53033007402,"Census Tract 74.02, King County, Washington",330400,36432
1400000US53033007500,53033007500,"Census Tract 75, King County, Washington",435700,78764
1400000US53033007600,53033007600,"Census Tract 76, King County, Washington",601000,111063
1400000US53033007700,53033007700,"Census Tract 77, King County, Washington",577800,53551
1400000US53033007800,53033007800,"Census Tract 78, King County, Washington",895100,62850
1400000US53033007900,53033007900,"Census Tract 79, King County, Washington",425500,42230
1400000US53033008001,53033008001,"Census Tract 80.01, King County, Washington",456300,57225
1400000US53033008002,53033008002,"Census Tract 80.02, King County, Washington",665500,147630
1400000US53033008100,53033008100,"Census Tract 81, King County, Washington",626400,101150
1400000US53033008200,53033008200,"Census Tract 82, King County, Washington",630900,99681
1400000US53033008300,53033008300,"Census Tract 83, King County, Washington",363000,28396
1400000US53033008400,53033008400,"Census Tract 84, King County, Washington",374000,39807
1400000US53033008500,53033008500,"Census Tract 85, King County, Washington",294300,103385
1400000US53033008600,53033008600,"Census Tract 86, King County, Washington",492100,98262
1400000US53033008700,53033008700,"Census Tract 87, King County, Washington",485800,45122
1400000US53033008800,53033008800,"Census Tract 88, King County, Washington",581000,32570
1400000US53033008900,53033008900,"Census Tract 89, King County, Washington",534400,104183
1400000US53033009000,53033009000,"Census Tract 90, King County, Washington",364700,31782
1400000US53033009100,53033009100,"Census Tract 91, King County, Washington",275000,25279
1400000US53033009200,53033009200,"Census Tract 92, King County, Washington",538200,176160
1400000US53033009300,53033009300,"Census Tract 93, King County, Washington",448800,30913
1400000US53033009400,53033009400,"Census Tract 94, King County, Washington",446900,52443
1400000US53033009500,53033009500,"Census Tract 95, King County, Washington",695600,75193
1400000US53033009600,53033009600,"Census Tract 96, King County, Washington",699600,44862
1400000US53033009701,53033009701,"Census Tract 97.01, King County, Washington",649200,55297
1400000US53033009702,53033009702,"Census Tract 97.02, King County, Washington",568700,32755
1400000US53033009800,53033009800,"Census Tract 98, King County, Washington",556500,29156
1400000US53033009900,53033009900,"Census Tract 99, King County, Washington",368300,26857
1400000US53033010001,53033010001,"Census Tract 100.01, King County, Washington",425600,37446
1400000US53033010002,53033010002,"Census Tract 100.02, King County, Washington",431000,33457
1400000US53033010100,53033010100,"Census Tract 101, King County, Washington",486000,35617
1400000US53033010200,53033010200,"Census Tract 102, King County, Washington",520700,45545
1400000US53033010300,53033010300,"Census Tract 103, King County, Washington",389900,30184
1400000US53033010401,53033010401,"Census Tract 104.01, King County, Washington",373900,20754
1400000US53033010402,53033010402,"Census Tract 104.02, King County, Washington",367900,14785
1400000US53033010500,53033010500,"Census Tract 105, King County, Washington",502700,51834
1400000US53033010600,53033010600,"Census Tract 106, King County, Washington",573300,39489
1400000US53033010701,53033010701,"Census Tract 107.01, King County, Washington",371600,51260
1400000US53033010702,53033010702,"Census Tract 107.02, King County, Washington",377300,31724
1400000US53033010800,53033010800,"Census Tract 108, King County, Washington",374000,22841
1400000US53033010900,53033010900,"Census Tract 109, King County, Washington",341900,26482
1400000US53033011001,53033011001,"Census Tract 110.01, King County, Washington",341000,31101
1400000US53033011002,53033011002,"Census Tract 110.02, King County, Washington",353500,18142
1400000US53033011101,53033011101,"Census Tract 111.01, King County, Washington",349900,20170
1400000US53033011102,53033011102,"Census Tract 111.02, King County, Washington",524800,61402
1400000US53033011200,53033011200,"Census Tract 112, King County, Washington",287100,17972
1400000US53033011300,53033011300,"Census Tract 113, King County, Washington",338200,24415
1400000US53033011401,53033011401,"Census Tract 114.01, King County, Washington",333400,28756
1400000US53033011402,53033011402,"Census Tract 114.02, King County, Washington",298300,24920
1400000US53033011500,53033011500,"Census Tract 115, King County, Washington",410600,22131
1400000US53033011600,53033011600,"Census Tract 116, King County, Washington",635000,31643
1400000US53033011700,53033011700,"Census Tract 117, King County, Washington",338600,22323
1400000US53033011800,53033011800,"Census Tract 118, King County, Washington",354100,25011
1400000US53033011900,53033011900,"Census Tract 119, King County, Washington",361000,28510
1400000US53033012000,53033012000,"Census Tract 120, King County, Washington",412500,28019
1400000US53033012100,53033012100,"Census Tract 121, King County, Washington",538700,63705
1400000US53033020100,53033020100,"Census Tract 201, King County, Washington",606000,53967
1400000US53033020200,53033020200,"Census Tract 202, King County, Washington",475200,42320
1400000US53033020300,53033020300,"Census Tract 203, King County, Washington",375700,28981
1400000US53033020401,53033020401,"Census Tract 204.01, King County, Washington",335900,13223
1400000US53033020402,53033020402,"Census Tract 204.02, King County, Washington",426800,22374
1400000US53033020500,53033020500,"Census Tract 205, King County, Washington",326900,25477
1400000US53033020600,53033020600,"Census Tract 206, King County, Washington",379600,19978
1400000US53033020700,53033020700,"Census Tract 207, King County, Washington",356000,17374
1400000US53033020800,53033020800,"Census Tract 208, King County, Washington",536000,51244
1400000US53033020900,53033020900,"Census Tract 209, King County, Washington",405900,37307
1400000US53033021000,53033021000,"Census Tract 210, King County, Washington",363200,19394
1400000US53033021100,53033021100,"Census Tract 211, King County, Washington",392600,28886
1400000US53033021300,53033021300,"Census Tract 213, King County, Washington",509200,71091
1400000US53033021400,53033021400,"Census Tract 214, King County, Washington",477400,17701
1400000US53033021500,53033021500,"Census Tract 215, King County, Washington",557900,27449
1400000US53033021600,53033021600,"Census Tract 216, King County, Washington",458100,25240
1400000US53033021700,53033021700,"Census Tract 217, King County, Washington",442800,33405
1400000US53033021802,53033021802,"Census Tract 218.02, King County, Washington",484800,49976
1400000US53033021803,53033021803,"Census Tract 218.03, King County, Washington",453300,26962
1400000US53033021804,53033021804,"Census Tract 218.04, King County, Washington",427600,33407
1400000US53033021903,53033021903,"Census Tract 219.03, King County, Washington",436300,24387
1400000US53033021904,53033021904,"Census Tract 219.04, King County, Washington",440100,28649
1400000US53033021905,53033021905,"Census Tract 219.05, King County, Washington",347100,28038
1400000US53033021906,53033021906,"Census Tract 219.06, King County, Washington",438400,60395
1400000US53033022001,53033022001,"Census Tract 220.01, King County, Washington",472300,71019
1400000US53033022003,53033022003,"Census Tract 220.03, King County, Washington",405500,25952
1400000US53033022005,53033022005,"Census Tract 220.05, King County, Washington",353600,53786
1400000US53033022006,53033022006,"Census Tract 220.06, King County, Washington",440200,38842
1400000US53033022101,53033022101,"Census Tract 221.01, King County, Washington",483000,28588
1400000US53033022102,53033022102,"Census Tract 221.02, King County, Washington",495500,35383
1400000US53033022201,53033022201,"Census Tract 222.01, King County, Washington",424100,25726
1400000US53033022202,53033022202,"Census Tract 222.02, King County, Washington",402800,29573
1400000US53033022203,53033022203,"Census Tract 222.03, King County, Washington",611900,29935
1400000US53033022300,53033022300,"Census Tract 223, King County, Washington",735400,55799
1400000US53033022400,53033022400,"Census Tract 224, King County, Washington",794000,71525
1400000US53033022500,53033022500,"Census Tract 225, King County, Washington",661600,39740
1400000US53033022603,53033022603,"Census Tract 226.03, King County, Washington",555400,47181
1400000US53033022604,53033022604,"Census Tract 226.04, King County, Washington",566300,39273
1400000US53033022605,53033022605,"Census Tract 226.05, King County, Washington",481800,74793
1400000US53033022606,53033022606,"Census Tract 226.06, King County, Washington",535200,42721
1400000US53033022701,53033022701,"Census Tract 227.01, King County, Washington",869600,99233
1400000US53033022702,53033022702,"Census Tract 227.02, King County, Washington",876200,38506
1400000US53033022703,53033022703,"Census Tract 227.03, King County, Washington",714400,44185
1400000US53033022801,53033022801,"Census Tract 228.01, King County, Washington",616100,245083
1400000US53033022802,53033022802,"Census Tract 228.02, King County, Washington",550000,33033
1400000US53033022803,53033022803,"Census Tract 228.03, King County, Washington",781700,75728
1400000US53033022901,53033022901,"Census Tract 229.01, King County, Washington",591600,34246
1400000US53033022902,53033022902,"Census Tract 229.02, King County, Washington",661100,27445
1400000US53033023000,53033023000,"Census Tract 230, King County, Washington",643100,32411
1400000US53033023100,53033023100,"Census Tract 231, King County, Washington",605900,28874
1400000US53033023201,53033023201,"Census Tract 232.01, King County, Washington",492700,87212
1400000US53033023202,53033023202,"Census Tract 232.02, King County, Washington",412200,107578
1400000US53033023300,53033023300,"Census Tract 233, King County, Washington",497400,51658
1400000US53033023401,53033023401,"Census Tract 234.01, King County, Washington",497700,41966
1400000US53033023403,53033023403,"Census Tract 234.03, King County, Washington",628800,37834
1400000US53033023404,53033023404,"Census Tract 234.04, King County, Washington",657900,35927
1400000US53033023500,53033023500,"Census Tract 235, King County, Washington",719400,54397
1400000US53033023601,53033023601,"Census Tract 236.01, King County, Washington",570500,77545
1400000US53033023603,53033023603,"Census Tract 236.03, King County, Washington",618600,68466
1400000US53033023604,53033023604,"Census Tract 236.04, King County, Washington",494000,50389
1400000US53033023700,53033023700,"Census Tract 237, King County, Washington",807200,58439
1400000US53033023801,53033023801,"Census Tract 238.01, King County, Washington",644600,73743
1400000US53033023803,53033023803,"Census Tract 238.03, King County, Washington",612600,174793
1400000US53033023804,53033023804,"Census Tract 238.04, King County, Washington",551400,97540
1400000US53033023900,53033023900,"Census Tract 239, King County, Washington",1062500,89024
1400000US53033024000,53033024000,"Census Tract 240, King County, Washington",901000,86331
1400000US53033024100,53033024100,"Census Tract 241, King County, Washington",1769700,113477
1400000US53033024200,53033024200,"Census Tract 242, King County, Washington",1692700,213896
1400000US53033024300,53033024300,"Census Tract 243, King County, Washington",959300,96775
1400000US53033024400,53033024400,"Census Tract 244, King County, Washington",878100,163901
1400000US53033024500,53033024500,"Census Tract 245, King County, Washington",981400,43912
1400000US53033024601,53033024601,"Census Tract 246.01, King County, Washington",1104400,52270
1400000US53033024602,53033024602,"Census Tract 246.02, King County, Washington",1217100,101007
1400000US53033024701,53033024701,"Census Tract 247.01, King County, Washington",560900,46643
1400000US53033024702,53033024702,"Census Tract 247.02, King County, Washington",575800,28871
1400000US53033024800,53033024800,"Census Tract 248, King County, Washington",469200,41411
1400000US53033024901,53033024901,"Census Tract 249.01, King County, Washington",863700,27272
1400000US53033024902,53033024902,"Census Tract 249.02, King County, Washington",714800,38253
1400000US53033024903,53033024903,"Census Tract 249.03, King County, Washington",873900,39887
1400000US53033025001,53033025001,"Census Tract 250.01, King County, Washington",584400,17697
1400000US53033025003,53033025003,"Census Tract 250.03, King County, Washington",929900,60637
1400000US53033025005,53033025005,"Census Tract 250.05, King County, Washington",752000,51431
1400000US53033025006,53033025006,"Census Tract 250.06, King County, Washington",710400,60784
1400000US53033025101,53033025101,"Census Tract 251.01, King County, Washington",433800,29067
1400000US53033025102,53033025102,"Census Tract 251.02, King County, Washington",439900,22441
1400000US53033025200,53033025200,"Census Tract 252, King County, Washington",345700,20476
1400000US53033025301,53033025301,"Census Tract 253.01, King County, Washington",468300,54972
1400000US53033025302,53033025302,"Census Tract 253.02, King County, Washington",316900,90173
1400000US53033025400,53033025400,"Census Tract 254, King County, Washington",265900,42573
1400000US53033025500,53033025500,"Census Tract 255, King County, Washington",294800,22361
1400000US53033025601,53033025601,"Census Tract 256.01, King County, Washington",342100,21968
1400000US53033025602,53033025602,"Census Tract 256.02, King County, Washington",430300,21021
1400000US53033025701,53033025701,"Census Tract 257.01, King County, Washington",256800,45694
1400000US53033025702,53033025702,"Census Tract 257.02, King County, Washington",317800,15620
1400000US53033025803,53033025803,"Census Tract 258.03, King County, Washington",230000,17117
1400000US53033025804,53033025804,"Census Tract 258.04, King County, Washington",278600,11253
1400000US53033025805,53033025805,"Census Tract 258.05, King County, Washington",231800,44719
1400000US53033025806,53033025806,"Census Tract 258.06, King County, Washington",350600,16806
1400000US53033026001,53033026001,"Census Tract 260.01, King County, Washington",382300,25582
1400000US53033026002,53033026002,"Census Tract 260.02, King County, Washington",287700,31068
1400000US53033026100,53033026100,"Census Tract 261, King County, Washington",297300,33892
1400000US53033026200,53033026200,"Census Tract 262, King County, Washington",224000,41078
1400000US53033026300,53033026300,"Census Tract 263, King County, Washington",282000,24351
1400000US53033026400,53033026400,"Census Tract 264, King County, Washington",238100,23361
1400000US53033026500,53033026500,"Census Tract 265, King County, Washington",286500,31116
1400000US53033026600,53033026600,"Census Tract 266, King County, Washington",323600,24855
1400000US53033026700,53033026700,"Census Tract 267, King County, Washington",381700,32649
1400000US53033026801,53033026801,"Census Tract 268.01, King County, Washington",245400,23950
1400000US53033026802,53033026802,"Census Tract 268.02, King County, Washington",292100,24912
1400000US53033027000,53033027000,"Census Tract 270, King County, Washington",274000,20918
1400000US53033027100,53033027100,"Census Tract 271, King County, Washington",269500,13851
1400000US53033027200,53033027200,"Census Tract 272, King County, Washington",296500,43876
1400000US53033027300,53033027300,"Census Tract 273, King County, Washington",253500,14757
1400000US53033027400,53033027400,"Census Tract 274, King County, Washington",291700,16927
1400000US53033027500,53033027500,"Census Tract 275, King County, Washington",262400,15806
1400000US53033027600,53033027600,"Census Tract 276, King County, Washington",467900,43896
1400000US53033027701,53033027701,"Census Tract 277.01, King County, Washington",480800,44700
1400000US53033027702,53033027702,"Census Tract 277.02, King County, Washington",421000,87406
1400000US53033027800,53033027800,"Census Tract 278, King County, Washington",440700,33582
1400000US53033027900,53033027900,"Census Tract 279, King County, Washington",326700,21812
1400000US53033028000,53033028000,"Census Tract 280, King County, Washington",245500,43148
1400000US53033028100,53033028100,"Census Tract 281, King County, Washington",278300,24025
1400000US53033028200,53033028200,"Census Tract 282, King County, Washington",241100,28345
1400000US53033028300,53033028300,"Census Tract 283, King County, Washington",312500,18061
1400000US53033028402,53033028402,"Census Tract 284.02, King County, Washington",264800,16040
1400000US53033028403,53033028403,"Census Tract 284.03, King County, Washington",179500,83815
1400000US53033028500,53033028500,"Census Tract 285, King County, Washington",303500,19900
1400000US53033028600,53033028600,"Census Tract 286, King County, Washington",507900,42898
1400000US53033028700,53033028700,"Census Tract 287, King County, Washington",311000,20292
1400000US53033028801,53033028801,"Census Tract 288.01, King County, Washington",270400,16739
1400000US53033028802,53033028802,"Census Tract 288.02, King County, Washington",290300,30462
1400000US53033028901,53033028901,"Census Tract 289.01, King County, Washington",312400,48624
1400000US53033028902,53033028902,"Census Tract 289.02, King County, Washington",265000,23697
1400000US53033029001,53033029001,"Census Tract 290.01, King County, Washington",303200,27494
1400000US53033029003,53033029003,"Census Tract 290.03, King County, Washington",257400,17104
1400000US53033029004,53033029004,"Census Tract 290.04, King County, Washington",165200,19025
1400000US53033029101,53033029101,"Census Tract 291.01, King County, Washington",270900,15004
1400000US53033029102,53033029102,"Census Tract 291.02, King County, Washington",271400,22380
1400000US53033029203,53033029203,"Census Tract 292.03, King County, Washington",217500,97526
1400000US53033029204,53033029204,"Census Tract 292.04, King County, Washington",330100,32219
1400000US53033029205,53033029205,"Census Tract 292.05, King County, Washington",205300,19122
1400000US53033029206,53033029206,"Census Tract 292.06, King County, Washington",-,**
1400000US53033029303,53033029303,"Census Tract 293.03, King County, Washington",308600,27170
1400000US53033029304,53033029304,"Census Tract 293.04, King County, Washington",347600,15383
1400000US53033029305,53033029305,"Census Tract 293.05, King County, Washington",342200,18735
1400000US53033029306,53033029306,"Census Tract 293.06, King County, Washington",264500,45582
1400000US53033029307,53033029307,"Census Tract 293.07, King County, Washington",324300,14278
1400000US53033029403,53033029403,"Census Tract 294.03, King County, Washington",284200,12207
1400000US53033029405,53033029405,"Census Tract 294.05, King County, Washington",293300,11165
1400000US53033029406,53033029406,"Census Tract 294.06, King County, Washington",334100,15139
1400000US53033029407,53033029407,"Census Tract 294.07, King County, Washington",287200,23622
1400000US53033029408,53033029408,"Census Tract 294.08, King County, Washington",203200,23704
1400000US53033029502,53033029502,"Census Tract 295.02, King County, Washington",315800,16327
1400000US53033029503,53033029503,"Census Tract 295.03, King County, Washington",258800,40288
1400000US53033029504,53033029504,"Census Tract 295.04, King County, Washington",236400,18881
1400000US53033029601,53033029601,"Census Tract 296.01, King County, Washington",281900,24788
1400000US53033029602,53033029602,"Census Tract 296.02, King County, Washington",362300,14939
1400000US53033029700,53033029700,"Census Tract 297, King County, Washington",238300,28212
1400000US53033029801,53033029801,"Census Tract 298.01, King County, Washington",291700,32008
1400000US53033029802,53033029802,"Census Tract 298.02, King County, Washington",274600,15577
1400000US53033029901,53033029901,"Census Tract 299.01, King County, Washington",291000,19403
1400000US53033029902,53033029902,"Census Tract 299.02, King County, Washington",331900,23581
1400000US53033030003,53033030003,"Census Tract 300.03, King County, Washington",319500,30844
1400000US53033030004,53033030004,"Census Tract 300.04, King County, Washington",237100,31760
1400000US53033030005,53033030005,"Census Tract 300.05, King County, Washington",222600,18025
1400000US53033030006,53033030006,"Census Tract 300.06, King County, Washington",267000,38667
1400000US53033030100,53033030100,"Census Tract 301, King County, Washington",416000,36584
1400000US53033030201,53033030201,"Census Tract 302.01, King County, Washington",239100,20536
1400000US53033030202,53033030202,"Census Tract 302.02, King County, Washington",226600,17806
1400000US53033030304,53033030304,"Census Tract 303.04, King County, Washington",316900,25466
1400000US53033030305,53033030305,"Census Tract 303.05, King County, Washington",296300,21205
1400000US53033030306,53033030306,"Census Tract 303.06, King County, Washington",313200,18568
1400000US53033030308,53033030308,"Census Tract 303.08, King County, Washington",316700,25169
1400000US53033030309,53033030309,"Census Tract 303.09, King County, Washington",337600,53020
1400000US53033030310,53033030310,"Census Tract 303.10, King County, Washington",350000,16783
1400000US53033030311,53033030311,"Census Tract 303.11, King County, Washington",257800,13504
1400000US53033030312,53033030312,"Census Tract 303.12, King County, Washington",263700,19210
1400000US53033030313,53033030313,"Census Tract 303.13, King County, Washington",46600,23973
1400000US53033030314,53033030314,"Census Tract 303.14, King County, Washington",170900,14587
1400000US53033030401,53033030401,"Census Tract 304.01, King County, Washington",296700,19840
1400000US53033030403,53033030403,"Census Tract 304.03, King County, Washington",269300,17066
1400000US53033030404,53033030404,"Census Tract 304.04, King County, Washington",327800,24098
1400000US53033030501,53033030501,"Census Tract 305.01, King County, Washington",238500,52986
1400000US53033030503,53033030503,"Census Tract 305.03, King County, Washington",218300,38733
1400000US53033030504,53033030504,"Census Tract 305.04, King County, Washington",143900,43947
1400000US53033030600,53033030600,"Census Tract 306, King County, Washington",215900,22076
1400000US53033030700,53033030700,"Census Tract 307, King County, Washington",199500,18861
1400000US53033030801,53033030801,"Census Tract 308.01, King County, Washington",23600,4257
1400000US53033030802,53033030802,"Census Tract 308.02, King County, Washington",214200,27530
1400000US53033030901,53033030901,"Census Tract 309.01, King County, Washington",205900,13487
1400000US53033030902,53033030902,"Census Tract 309.02, King County, Washington",231400,39181
1400000US53033031000,53033031000,"Census Tract 310, King County, Washington",344800,12257
1400000US53033031100,53033031100,"Census Tract 311, King County, Washington",211700,12354
1400000US53033031202,53033031202,"Census Tract 312.02, King County, Washington",430300,38915
1400000US53033031204,53033031204,"Census Tract 312.04, King County, Washington",373800,22010
1400000US53033031205,53033031205,"Census Tract 312.05, King County, Washington",301100,33084
1400000US53033031206,53033031206,"Census Tract 312.06, King County, Washington",220600,27753
1400000US53033031301,53033031301,"Census Tract 313.01, King County, Washington",387600,33021
1400000US53033031302,53033031302,"Census Tract 313.02, King County, Washington",269000,18060
1400000US53033031400,53033031400,"Census Tract 314, King County, Washington",250400,17550
1400000US53033031501,53033031501,"Census Tract 315.01, King County, Washington",379300,24711
1400000US53033031502,53033031502,"Census Tract 315.02, King County, Washington",349500,21053
1400000US53033031601,53033031601,"Census Tract 316.01, King County, Washington",372900,17812
1400000US53033031603,53033031603,"Census Tract 316.03, King County, Washington",360300,27788
1400000US53033031604,53033031604,"Census Tract 316.04, King County, Washington",323400,16122
1400000US53033031605,53033031605,"Census Tract 316.05, King County, Washington",469000,35827
1400000US53033031703,53033031703,"Census Tract 317.03, King County, Washington",338800,28289
1400000US53033031704,53033031704,"Census Tract 317.04, King County, Washington",322900,17882
1400000US53033031705,53033031705,"Census Tract 317.05, King County, Washington",336200,16267
1400000US53033031706,53033031706,"Census Tract 317.06, King County, Washington",326200,21206
1400000US53033031800,53033031800,"Census Tract 318, King County, Washington",369400,17842
1400000US53033031903,53033031903,"Census Tract 319.03, King County, Washington",376000,20471
1400000US53033031904,53033031904,"Census Tract 319.04, King County, Washington",415100,47819
1400000US53033031906,53033031906,"Census Tract 319.06, King County, Washington",430600,24712
1400000US53033031907,53033031907,"Census Tract 319.07, King County, Washington",382400,24158
1400000US53033031908,53033031908,"Census Tract 319.08, King County, Washington",319800,30140
1400000US53033031909,53033031909,"Census Tract 319.09, King County, Washington",392000,24114
1400000US53033032002,53033032002,"Census Tract 320.02, King County, Washington",518900,37527
1400000US53033032003,53033032003,"Census Tract 320.03, King County, Washington",428100,33661
1400000US53033032005,53033032005,"Census Tract 320.05, King County, Washington",238800,10242
1400000US53033032006,53033032006,"Census Tract 320.06, King County, Washington",352100,15976
1400000US53033032007,53033032007,"Census Tract 320.07, King County, Washington",370300,28382
1400000US53033032008,53033032008,"Census Tract 320.08, King County, Washington",311600,22486
1400000US53033032010,53033032010,"Census Tract 320.10, King County, Washington",372500,17004
1400000US53033032011,53033032011,"Census Tract 320.11, King County, Washington",366000,19485
1400000US53033032102,53033032102,"Census Tract 321.02, King County, Washington",550800,29566
1400000US53033032103,53033032103,"Census Tract 321.03, King County, Washington",441400,30202
1400000US53033032104,53033032104,"Census Tract 321.04, King County, Washington",516800,52016
1400000US53033032203,53033032203,"Census Tract 322.03, King County, Washington",718900,56318
1400000US53033032207,53033032207,"Census Tract 322.07, King County, Washington",740200,57175
1400000US53033032208,53033032208,"Census Tract 322.08, King County, Washington",487600,51354
1400000US53033032210,53033032210,"Census Tract 322.10, King County, Washington",586600,55393
1400000US53033032211,53033032211,"Census Tract 322.11, King County, Washington",606300,32006
1400000US53033032212,53033032212,"Census Tract 322.12, King County, Washington",539500,39125
1400000US53033032213,53033032213,"Census Tract 322.13, King County, Washington",789400,35629
1400000US53033032214,53033032214,"Census Tract 322.14, King County, Washington",661000,24123
1400000US53033032215,53033032215,"Census Tract 322.15, King County, Washington",838300,39127
1400000US53033032307,53033032307,"Census Tract 323.07, King County, Washington",604100,28647
1400000US53033032309,53033032309,"Census Tract 323.09, King County, Washington",476200,31812
1400000US53033032311,53033032311,"Census Tract 323.11, King County, Washington",646700,47465
1400000US53033032313,53033032313,"Census Tract 323.13, King County, Washington",461900,94187
1400000US53033032315,53033032315,"Census Tract 323.15, King County, Washington",663300,27680
1400000US53033032316,53033032316,"Census Tract 323.16, King County, Washington",702000,32487
1400000US53033032317,53033032317,"Census Tract 323.17, King County, Washington",659400,30168
1400000US53033032318,53033032318,"Census Tract 323.18, King County, Washington",621700,18262
1400000US53033032319,53033032319,"Census Tract 323.19, King County, Washington",508200,46498
1400000US53033032320,53033032320,"Census Tract 323.20, King County, Washington",699000,31338
1400000US53033032321,53033032321,"Census Tract 323.21, King County, Washington",828200,24648
1400000US53033032322,53033032322,"Census Tract 323.22, King County, Washington",669600,23404
1400000US53033032323,53033032323,"Census Tract 323.23, King County, Washington",620300,32421
1400000US53033032324,53033032324,"Census Tract 323.24, King County, Washington",517200,44435
1400000US53033032325,53033032325,"Census Tract 323.25, King County, Washington",482300,70105
1400000US53033032326,53033032326,"Census Tract 323.26, King County, Washington",821300,48947
1400000US53033032327,53033032327,"Census Tract 323.27, King County, Washington",672000,25540
1400000US53033032328,53033032328,"Census Tract 323.28, King County, Washington",719400,61144
1400000US53033032329,53033032329,"Census Tract 323.29, King County, Washington",613800,32373
1400000US53033032401,53033032401,"Census Tract 324.01, King County, Washington",437900,30996
1400000US53033032402,53033032402,"Census Tract 324.02, King County, Washington",416600,35385
1400000US53033032500,53033032500,"Census Tract 325, King County, Washington",462200,30516
1400000US53033032601,53033032601,"Census Tract 326.01, King County, Washington",523000,73695
1400000US53033032602,53033032602,"Census Tract 326.02, King County, Washington",540500,25384
1400000US53033032702,53033032702,"Census Tract 327.02, King County, Washington",392200,33367
1400000US53033032703,53033032703,"Census Tract 327.03, King County, Washington",351100,25749
1400000US53033032704,53033032704,"Census Tract 327.04, King County, Washington",425000,29332
1400000US53033032800,53033032800,"Census Tract 328, King County, Washington",437200,36810
1400000US53033990100,53033990100,"Census Tract 9901, King County, Washington",-,**
