GEO.id,GEO.id2,GEO.display-label,HD01_VD01,HD02_VD01,HD01_VD02,HD02_VD02,HD01_VD03,HD02_VD03
Id,Id2,Geography,Estimate; Total:,Margin of Error; Total:,Estimate; Owner occupied,Margin of Error; Owner occupied,Estimate; Renter occupied,Margin of Error; Renter occupied
1400000US53033000100,53033000100,"Census Tract 1, King County, Washington",3140,177,943,140,2197,182
1400000US53033000200,53033000200,"Census Tract 2, King County, Washington",3610,137,2041,226,1569,216
1400000US53033000300,53033000300,"Census Tract 3, King County, Washington",1058,73,803,102,255,89
1400000US53033000401,53033000401,"Census Tract 4.01, King County, Washington",2747,196,921,159,1826,214
1400000US53033000402,53033000402,"Census Tract 4.02, King County, Washington",2250,113,1010,156,1240,187
1400000US53033000500,53033000500,"Census Tract 5, King County, Washington",1374,44,1349,48,25,28
1400000US53033000600,53033000600,"Census Tract 6, King County, Washington",3374,126,2168,215,1206,233
1400000US53033000700,53033000700,"Census Tract 7, King County, Washington",2271,128,798,147,1473,177
1400000US53033000800,53033000800,"Census Tract 8, King County, Washington",1093,30,839,78,254,77
1400000US53033000900,53033000900,"Census Tract 9, King County, Washington",889,52,633,69,256,79
1400000US53033001000,53033001000,"Census Tract 10, King County, Washington",770,74,512,93,258,71
1400000US53033001100,53033001100,"Census Tract 11, King County, Washington",1089,61,663,72,426,76
1400000US53033001200,53033001200,"Census Tract 12, King County, Washington",3417,115,831,175,2586,172
1400000US53033001300,53033001300,"Census Tract 13, King County, Washington",2236,71,618,169,1618,169
1400000US53033001400,53033001400,"Census Tract 14, King County, Washington",2088,185,1284,138,804,141
1400000US53033001500,53033001500,"Census Tract 15, King County, Washington",1095,52,939,70,156,53
1400000US53033001600,53033001600,"Census Tract 16, King County, Washington",1881,26,1508,96,373,94
1400000US53033001700,53033001700,"Census Tract 17, King County, Washington",3775,200,1985,202,1790,219
1400000US53033001800,53033001800,"Census Tract 18, King County, Washington",2012,194,700,171,1312,204
1400000US53033001900,53033001900,"Census Tract 19, King County, Washington",1658,68,1186,115,472,115
1400000US53033002000,53033002000,"Census Tract 20, King County, Washington",1552,91,1158,113,394,95
1400000US53033002100,53033002100,"Census Tract 21, King County, Washington",1619,116,1176,122,443,99
1400000US53033002200,53033002200,"Census Tract 22, King County, Washington",2131,90,1799,114,332,124
1400000US53033002400,53033002400,"Census Tract 24, King County, Washington",1266,95,888,86,378,86
1400000US53033002500,53033002500,"Census Tract 25, King County, Washington",1248,50,911,98,337,93
1400000US53033002600,53033002600,"Census Tract 26, King County, Washington",1944,91,1418,103,526,116
1400000US53033002700,53033002700,"Census Tract 27, King County, Washington",2212,135,1561,167,651,152
1400000US53033002800,53033002800,"Census Tract 28, King County, Washington",2131,116,1280,157,851,195
1400000US53033002900,53033002900,"Census Tract 29, King County, Washington",1855,98,1393,116,462,109
1400000US53033003000,53033003000,"Census Tract 30, King County, Washington",2571,38,1917,145,654,145
1400000US53033003100,53033003100,"Census Tract 31, King County, Washington",2627,109,2256,150,371,136
1400000US53033003200,53033003200,"Census Tract 32, King County, Washington",3980,129,2064,183,1916,195
1400000US53033003300,53033003300,"Census Tract 33, King County, Washington",2805,201,1275,159,1530,223
1400000US53033003400,53033003400,"Census Tract 34, King County, Washington",1483,80,1084,97,399,97
1400000US53033003500,53033003500,"Census Tract 35, King County, Washington",1885,70,1055,108,830,119
1400000US53033003600,53033003600,"Census Tract 36, King County, Washington",3015,164,1065,159,1950,207
1400000US53033003800,53033003800,"Census Tract 38, King County, Washington",837,51,709,66,128,56
1400000US53033003900,53033003900,"Census Tract 39, King County, Washington",1222,23,900,64,322,72
1400000US53033004000,53033004000,"Census Tract 40, King County, Washington",1207,76,954,105,253,85
1400000US53033004100,53033004100,"Census Tract 41, King County, Washington",3342,127,2222,145,1120,171
1400000US53033004200,53033004200,"Census Tract 42, King County, Washington",3292,83,2276,169,1016,164
1400000US53033004300,53033004300,"Census Tract 43, King County, Washington",2848,145,830,135,2018,172
1400000US53033004400,53033004400,"Census Tract 44, King County, Washington",2384,122,734,103,1650,148
1400000US53033004500,53033004500,"Census Tract 45, King County, Washington",989,67,588,105,401,101
1400000US53033004600,53033004600,"Census Tract 46, King County, Washington",1468,74,1069,110,399,107
1400000US53033004700,53033004700,"Census Tract 47, King County, Washington",3291,179,921,174,2370,217
1400000US53033004800,53033004800,"Census Tract 48, King County, Washington",2201,106,1352,189,849,165
1400000US53033004900,53033004900,"Census Tract 49, King County, Washington",3529,193,922,172,2607,230
1400000US53033005000,53033005000,"Census Tract 50, King County, Washington",1812,117,565,83,1247,141
1400000US53033005100,53033005100,"Census Tract 51, King County, Washington",1666,88,904,105,762,122
1400000US53033005200,53033005200,"Census Tract 52, King County, Washington",2717,153,712,151,2005,179
1400000US53033005301,53033005301,"Census Tract 53.01, King County, Washington",2335,167,38,31,2297,168
1400000US53033005302,53033005302,"Census Tract 53.02, King County, Washington",140,37,16,19,124,38
1400000US53033005400,53033005400,"Census Tract 54, King County, Washington",2475,176,1016,156,1459,196
1400000US53033005600,53033005600,"Census Tract 56, King County, Washington",2792,88,2480,153,312,141
1400000US53033005700,53033005700,"Census Tract 57, King County, Washington",2915,79,2126,157,789,154
1400000US53033005801,53033005801,"Census Tract 58.01, King County, Washington",2722,140,1063,147,1659,179
1400000US53033005802,53033005802,"Census Tract 58.02, King County, Washington",2603,147,1165,163,1438,185
1400000US53033005900,53033005900,"Census Tract 59, King County, Washington",2626,99,1568,153,1058,167
1400000US53033006000,53033006000,"Census Tract 60, King County, Washington",2477,135,1265,164,1212,179
1400000US53033006100,53033006100,"Census Tract 61, King County, Washington",2732,163,1191,178,1541,211
1400000US53033006200,53033006200,"Census Tract 62, King County, Washington",1587,66,1407,98,180,75
1400000US53033006300,53033006300,"Census Tract 63, King County, Washington",2871,124,1812,177,1059,186
1400000US53033006400,53033006400,"Census Tract 64, King County, Washington",1283,53,937,70,346,72
1400000US53033006500,53033006500,"Census Tract 65, King County, Washington",2122,146,1071,119,1051,153
1400000US53033006600,53033006600,"Census Tract 66, King County, Washington",2123,152,628,121,1495,164
1400000US53033006700,53033006700,"Census Tract 67, King County, Washington",3736,221,1473,207,2263,246
1400000US53033006800,53033006800,"Census Tract 68, King County, Washington",1207,67,703,78,504,93
1400000US53033006900,53033006900,"Census Tract 69, King County, Washington",2066,142,1248,137,818,154
1400000US53033007000,53033007000,"Census Tract 70, King County, Washington",4659,268,1101,225,3558,261
1400000US53033007100,53033007100,"Census Tract 71, King County, Washington",2057,127,519,109,1538,182
1400000US53033007200,53033007200,"Census Tract 72, King County, Washington",2833,159,197,63,2636,152
1400000US53033007300,53033007300,"Census Tract 73, King County, Washington",2216,169,78,48,2138,172
1400000US53033007400,53033007400,"Census Tract 74, King County, Washington",6340,293,1391,256,4949,322
1400000US53033007500,53033007500,"Census Tract 75, King County, Washington",3717,208,496,129,3221,196
1400000US53033007600,53033007600,"Census Tract 76, King County, Washington",1940,105,685,128,1255,163
1400000US53033007700,53033007700,"Census Tract 77, King County, Washington",2037,149,1285,150,752,149
1400000US53033007800,53033007800,"Census Tract 78, King County, Washington",2073,155,1791,128,282,124
1400000US53033007900,53033007900,"Census Tract 79, King County, Washington",2829,151,643,142,2186,189
1400000US53033008001,53033008001,"Census Tract 80.01, King County, Washington",3836,228,1243,204,2593,246
1400000US53033008002,53033008002,"Census Tract 80.02, King County, Washington",2228,177,387,137,1841,183
1400000US53033008100,53033008100,"Census Tract 81, King County, Washington",2452,197,597,122,1855,216
1400000US53033008200,53033008200,"Census Tract 82, King County, Washington",1937,182,302,91,1635,185
1400000US53033008300,53033008300,"Census Tract 83, King County, Washington",1732,191,419,102,1313,183
1400000US53033008400,53033008400,"Census Tract 84, King County, Washington",3098,139,472,95,2626,157
1400000US53033008500,53033008500,"Census Tract 85, King County, Washington",1451,115,67,48,1384,117
1400000US53033008600,53033008600,"Census Tract 86, King County, Washington",1580,126,173,67,1407,125
1400000US53033008700,53033008700,"Census Tract 87, King County, Washington",1624,112,718,113,906,136
1400000US53033008800,53033008800,"Census Tract 88, King County, Washington",1420,105,777,140,643,141
1400000US53033008900,53033008900,"Census Tract 89, King County, Washington",2076,120,1104,167,972,153
1400000US53033009000,53033009000,"Census Tract 90, King County, Washington",1330,113,377,100,953,135
1400000US53033009100,53033009100,"Census Tract 91, King County, Washington",1279,104,70,48,1209,104
1400000US53033009200,53033009200,"Census Tract 92, King County, Washington",1590,100,67,32,1523,102
1400000US53033009300,53033009300,"Census Tract 93, King County, Washington",1009,73,606,97,403,104
1400000US53033009400,53033009400,"Census Tract 94, King County, Washington",2258,123,1055,147,1203,186
1400000US53033009500,53033009500,"Census Tract 95, King County, Washington",2389,118,1739,146,650,143
1400000US53033009600,53033009600,"Census Tract 96, King County, Washington",2786,177,1624,190,1162,182
1400000US53033009701,53033009701,"Census Tract 97.01, King County, Washington",2931,116,1360,161,1571,170
1400000US53033009702,53033009702,"Census Tract 97.02, King County, Washington",2303,80,1879,135,424,131
1400000US53033009800,53033009800,"Census Tract 98, King County, Washington",2980,102,1898,153,1082,165
1400000US53033009900,53033009900,"Census Tract 99, King County, Washington",2409,144,1268,174,1141,196
1400000US53033010000,53033010000,"Census Tract 100, King County, Washington",2925,199,1356,165,1569,241
1400000US53033010100,53033010100,"Census Tract 101, King County, Washington",2435,164,1459,197,976,195
1400000US53033010200,53033010200,"Census Tract 102, King County, Washington",1927,93,1614,135,313,112
1400000US53033010300,53033010300,"Census Tract 103, King County, Washington",2254,135,1028,160,1226,178
1400000US53033010400,53033010400,"Census Tract 104, King County, Washington",2925,154,2126,211,799,180
1400000US53033010500,53033010500,"Census Tract 105, King County, Washington",2853,189,1350,179,1503,232
1400000US53033010600,53033010600,"Census Tract 106, King County, Washington",3666,152,2116,204,1550,223
1400000US53033010700,53033010700,"Census Tract 107, King County, Washington",1977,162,785,145,1192,181
1400000US53033010800,53033010800,"Census Tract 108, King County, Washington",1423,155,1156,117,267,107
1400000US53033010900,53033010900,"Census Tract 109, King County, Washington",639,68,142,47,497,80
1400000US53033011000,53033011000,"Census Tract 110, King County, Washington",2597,182,1246,192,1351,190
1400000US53033011101,53033011101,"Census Tract 111.01, King County, Washington",1395,117,802,140,593,144
1400000US53033011102,53033011102,"Census Tract 111.02, King County, Washington",1387,105,773,104,614,122
1400000US53033011200,53033011200,"Census Tract 112, King County, Washington",1309,78,631,83,678,107
1400000US53033011300,53033011300,"Census Tract 113, King County, Washington",2277,115,1441,176,836,173
1400000US53033011400,53033011400,"Census Tract 114, King County, Washington",3444,177,1464,231,1980,268
1400000US53033011500,53033011500,"Census Tract 115, King County, Washington",2041,40,1550,121,491,112
1400000US53033011600,53033011600,"Census Tract 116, King County, Washington",2748,139,2185,147,563,135
1400000US53033011700,53033011700,"Census Tract 117, King County, Washington",1636,105,1303,126,333,120
1400000US53033011800,53033011800,"Census Tract 118, King County, Washington",2815,198,1301,178,1514,213
1400000US53033011900,53033011900,"Census Tract 119, King County, Washington",2535,135,2040,199,495,177
1400000US53033012000,53033012000,"Census Tract 120, King County, Washington",1471,69,1159,118,312,103
1400000US53033012100,53033012100,"Census Tract 121, King County, Washington",1142,69,1004,95,138,73
1400000US53033020100,53033020100,"Census Tract 201, King County, Washington",1232,78,1119,89,113,54
1400000US53033020200,53033020200,"Census Tract 202, King County, Washington",2108,125,1533,144,575,143
1400000US53033020300,53033020300,"Census Tract 203, King County, Washington",2425,142,1353,136,1072,145
1400000US53033020401,53033020401,"Census Tract 204.01, King County, Washington",1434,71,1084,89,350,94
1400000US53033020402,53033020402,"Census Tract 204.02, King County, Washington",2135,112,1417,172,718,165
1400000US53033020500,53033020500,"Census Tract 205, King County, Washington",2671,110,1771,128,900,124
1400000US53033020600,53033020600,"Census Tract 206, King County, Washington",1321,53,1115,91,206,78
1400000US53033020700,53033020700,"Census Tract 207, King County, Washington",1516,73,786,109,730,106
1400000US53033020800,53033020800,"Census Tract 208, King County, Washington",1722,97,1442,102,280,80
1400000US53033020900,53033020900,"Census Tract 209, King County, Washington",1340,83,1118,98,222,68
1400000US53033021000,53033021000,"Census Tract 210, King County, Washington",2108,100,1520,161,588,146
1400000US53033021100,53033021100,"Census Tract 211, King County, Washington",1634,74,1100,116,534,114
1400000US53033021300,53033021300,"Census Tract 213, King County, Washington",1674,93,898,97,776,95
1400000US53033021400,53033021400,"Census Tract 214, King County, Washington",1469,80,1322,96,147,78
1400000US53033021500,53033021500,"Census Tract 215, King County, Washington",1653,92,1538,92,115,68
1400000US53033021600,53033021600,"Census Tract 216, King County, Washington",1731,91,1449,114,282,89
1400000US53033021700,53033021700,"Census Tract 217, King County, Washington",3133,171,1577,172,1556,197
1400000US53033021802,53033021802,"Census Tract 218.02, King County, Washington",2002,93,1352,129,650,130
1400000US53033021803,53033021803,"Census Tract 218.03, King County, Washington",1808,108,1160,98,648,111
1400000US53033021804,53033021804,"Census Tract 218.04, King County, Washington",1836,111,963,97,873,118
1400000US53033021903,53033021903,"Census Tract 219.03, King County, Washington",2683,131,1566,144,1117,148
1400000US53033021904,53033021904,"Census Tract 219.04, King County, Washington",1985,107,1428,136,557,132
1400000US53033021905,53033021905,"Census Tract 219.05, King County, Washington",2115,94,1679,130,436,108
1400000US53033021906,53033021906,"Census Tract 219.06, King County, Washington",1846,95,1515,141,331,126
1400000US53033022001,53033022001,"Census Tract 220.01, King County, Washington",1984,111,1154,122,830,114
1400000US53033022003,53033022003,"Census Tract 220.03, King County, Washington",2154,81,1306,122,848,141
1400000US53033022005,53033022005,"Census Tract 220.05, King County, Washington",2337,112,1332,154,1005,155
1400000US53033022006,53033022006,"Census Tract 220.06, King County, Washington",1746,91,1074,140,672,127
1400000US53033022101,53033022101,"Census Tract 221.01, King County, Washington",1769,85,1533,102,236,85
1400000US53033022102,53033022102,"Census Tract 221.02, King County, Washington",2102,96,1751,141,351,104
1400000US53033022201,53033022201,"Census Tract 222.01, King County, Washington",1709,78,1257,116,452,118
1400000US53033022202,53033022202,"Census Tract 222.02, King County, Washington",3194,137,2065,195,1129,194
1400000US53033022203,53033022203,"Census Tract 222.03, King County, Washington",1949,59,1627,148,322,137
1400000US53033022300,53033022300,"Census Tract 223, King County, Washington",1132,40,1040,62,92,56
1400000US53033022400,53033022400,"Census Tract 224, King County, Washington",3440,179,2126,186,1314,213
1400000US53033022500,53033022500,"Census Tract 225, King County, Washington",3751,173,2391,226,1360,196
1400000US53033022603,53033022603,"Census Tract 226.03, King County, Washington",2189,131,1515,177,674,151
1400000US53033022604,53033022604,"Census Tract 226.04, King County, Washington",1564,96,1228,130,336,105
1400000US53033022605,53033022605,"Census Tract 226.05, King County, Washington",2394,149,919,129,1475,185
1400000US53033022606,53033022606,"Census Tract 226.06, King County, Washington",2154,103,1781,170,373,108
1400000US53033022701,53033022701,"Census Tract 227.01, King County, Washington",1540,111,633,83,907,116
1400000US53033022702,53033022702,"Census Tract 227.02, King County, Washington",1365,81,1054,90,311,80
1400000US53033022703,53033022703,"Census Tract 227.03, King County, Washington",852,54,625,66,227,72
1400000US53033022801,53033022801,"Census Tract 228.01, King County, Washington",4332,135,1398,160,2934,160
1400000US53033022802,53033022802,"Census Tract 228.02, King County, Washington",1964,69,1405,114,559,100
1400000US53033022803,53033022803,"Census Tract 228.03, King County, Washington",2176,150,495,93,1681,151
1400000US53033022901,53033022901,"Census Tract 229.01, King County, Washington",1077,35,910,88,167,80
1400000US53033022902,53033022902,"Census Tract 229.02, King County, Washington",2290,158,1597,131,693,157
1400000US53033023000,53033023000,"Census Tract 230, King County, Washington",1921,58,1591,131,330,119
1400000US53033023100,53033023100,"Census Tract 231, King County, Washington",1421,80,1152,95,269,88
1400000US53033023201,53033023201,"Census Tract 232.01, King County, Washington",2435,137,718,107,1717,164
1400000US53033023202,53033023202,"Census Tract 232.02, King County, Washington",1799,96,549,94,1250,117
1400000US53033023300,53033023300,"Census Tract 233, King County, Washington",2187,107,1708,129,479,114
1400000US53033023401,53033023401,"Census Tract 234.01, King County, Washington",1450,102,882,124,568,131
1400000US53033023402,53033023402,"Census Tract 234.02, King County, Washington",2698,77,2406,129,292,101
1400000US53033023500,53033023500,"Census Tract 235, King County, Washington",1542,76,980,107,562,106
1400000US53033023601,53033023601,"Census Tract 236.01, King County, Washington",1752,111,964,112,788,121
1400000US53033023603,53033023603,"Census Tract 236.03, King County, Washington",2784,97,901,112,1883,149
1400000US53033023604,53033023604,"Census Tract 236.04, King County, Washington",2507,108,943,127,1564,141
1400000US53033023700,53033023700,"Census Tract 237, King County, Washington",1731,100,1223,117,508,119
1400000US53033023801,53033023801,"Census Tract 238.01, King County, Washington",1275,84,548,97,727,101
1400000US53033023802,53033023802,"Census Tract 238.02, King County, Washington",3330,208,830,142,2500,224
1400000US53033023900,53033023900,"Census Tract 239, King County, Washington",2898,106,2053,153,845,139
1400000US53033024000,53033024000,"Census Tract 240, King County, Washington",3313,173,2088,208,1225,213
1400000US53033024100,53033024100,"Census Tract 241, King County, Washington",1428,75,1306,95,122,46
1400000US53033024200,53033024200,"Census Tract 242, King County, Washington",1117,73,982,72,135,50
1400000US53033024300,53033024300,"Census Tract 243, King County, Washington",3139,145,2194,169,945,164
1400000US53033024400,53033024400,"Census Tract 244, King County, Washington",1442,91,448,86,994,104
1400000US53033024500,53033024500,"Census Tract 245, King County, Washington",1859,73,1686,104,173,80
1400000US53033024601,53033024601,"Census Tract 246.01, King County, Washington",1736,53,1651,83,85,63
1400000US53033024602,53033024602,"Census Tract 246.02, King County, Washington",1356,41,1323,54,33,31
1400000US53033024701,53033024701,"Census Tract 247.01, King County, Washington",1467,83,1105,84,362,89
1400000US53033024702,53033024702,"Census Tract 247.02, King County, Washington",2507,115,2134,164,373,150
1400000US53033024800,53033024800,"Census Tract 248, King County, Washington",2277,172,1496,167,781,169
1400000US53033024901,53033024901,"Census Tract 249.01, King County, Washington",1829,48,1683,101,146,83
1400000US53033024902,53033024902,"Census Tract 249.02, King County, Washington",1351,69,1210,99,141,84
1400000US53033024903,53033024903,"Census Tract 249.03, King County, Washington",2228,100,2125,108,103,56
1400000US53033025001,53033025001,"Census Tract 250.01, King County, Washington",1728,101,1313,112,415,82
1400000US53033025003,53033025003,"Census Tract 250.03, King County, Washington",2544,122,1834,142,710,160
1400000US53033025004,53033025004,"Census Tract 250.04, King County, Washington",3261,199,2377,231,884,170
1400000US53033025101,53033025101,"Census Tract 251.01, King County, Washington",1930,110,1075,156,855,150
1400000US53033025102,53033025102,"Census Tract 251.02, King County, Washington",2241,113,1732,187,509,142
1400000US53033025200,53033025200,"Census Tract 252, King County, Washington",2773,145,1995,167,778,151
1400000US53033025300,53033025300,"Census Tract 253, King County, Washington",4199,212,1262,234,2937,228
1400000US53033025400,53033025400,"Census Tract 254, King County, Washington",2644,149,1145,161,1499,197
1400000US53033025500,53033025500,"Census Tract 255, King County, Washington",1704,113,892,108,812,122
1400000US53033025600,53033025600,"Census Tract 256, King County, Washington",3544,143,2730,196,814,166
1400000US53033025701,53033025701,"Census Tract 257.01, King County, Washington",2602,111,863,217,1739,216
1400000US53033025702,53033025702,"Census Tract 257.02, King County, Washington",1301,95,1036,112,265,92
1400000US53033025801,53033025801,"Census Tract 258.01, King County, Washington",3317,125,1954,205,1363,192
1400000US53033025803,53033025803,"Census Tract 258.03, King County, Washington",1743,91,991,133,752,137
1400000US53033025804,53033025804,"Census Tract 258.04, King County, Washington",1365,55,1203,85,162,77
1400000US53033026001,53033026001,"Census Tract 260.01, King County, Washington",1940,109,1723,127,217,102
1400000US53033026002,53033026002,"Census Tract 260.02, King County, Washington",2457,207,1173,168,1284,245
1400000US53033026100,53033026100,"Census Tract 261, King County, Washington",2480,204,1565,175,915,196
1400000US53033026200,53033026200,"Census Tract 262, King County, Washington",2120,181,777,157,1343,197
1400000US53033026300,53033026300,"Census Tract 263, King County, Washington",529,65,350,84,179,81
1400000US53033026400,53033026400,"Census Tract 264, King County, Washington",2319,179,1089,178,1230,224
1400000US53033026500,53033026500,"Census Tract 265, King County, Washington",513,89,166,43,347,105
1400000US53033026600,53033026600,"Census Tract 266, King County, Washington",887,44,594,72,293,70
1400000US53033026700,53033026700,"Census Tract 267, King County, Washington",2038,88,1230,100,808,115
1400000US53033026801,53033026801,"Census Tract 268.01, King County, Washington",1819,118,893,97,926,148
1400000US53033026802,53033026802,"Census Tract 268.02, King County, Washington",1800,104,1029,113,771,145
1400000US53033026900,53033026900,"Census Tract 269, King County, Washington",565,39,404,70,161,61
1400000US53033027000,53033027000,"Census Tract 270, King County, Washington",1139,72,726,107,413,124
1400000US53033027100,53033027100,"Census Tract 271, King County, Washington",1319,77,527,102,792,103
1400000US53033027200,53033027200,"Census Tract 272, King County, Washington",826,90,556,105,270,89
1400000US53033027300,53033027300,"Census Tract 273, King County, Washington",1934,140,966,118,968,139
1400000US53033027400,53033027400,"Census Tract 274, King County, Washington",1516,94,1110,127,406,128
1400000US53033027500,53033027500,"Census Tract 275, King County, Washington",1724,102,1058,136,666,129
1400000US53033027600,53033027600,"Census Tract 276, King County, Washington",1518,93,801,108,717,128
1400000US53033027701,53033027701,"Census Tract 277.01, King County, Washington",2332,132,1845,201,487,177
1400000US53033027702,53033027702,"Census Tract 277.02, King County, Washington",2213,158,1863,160,350,128
1400000US53033027800,53033027800,"Census Tract 278, King County, Washington",1370,73,1174,109,196,84
1400000US53033027900,53033027900,"Census Tract 279, King County, Washington",2868,140,1378,182,1490,180
1400000US53033028000,53033028000,"Census Tract 280, King County, Washington",1622,122,222,69,1400,138
1400000US53033028100,53033028100,"Census Tract 281, King County, Washington",808,101,230,82,578,124
1400000US53033028200,53033028200,"Census Tract 282, King County, Washington",1554,132,650,110,904,136
1400000US53033028300,53033028300,"Census Tract 283, King County, Washington",1342,121,1067,124,275,131
1400000US53033028402,53033028402,"Census Tract 284.02, King County, Washington",1814,173,879,150,935,158
1400000US53033028403,53033028403,"Census Tract 284.03, King County, Washington",2450,189,1167,158,1283,183
1400000US53033028500,53033028500,"Census Tract 285, King County, Washington",1456,102,747,91,709,121
1400000US53033028600,53033028600,"Census Tract 286, King County, Washington",2738,149,2149,165,589,142
1400000US53033028700,53033028700,"Census Tract 287, King County, Washington",1889,143,1688,154,201,99
1400000US53033028801,53033028801,"Census Tract 288.01, King County, Washington",1030,131,809,130,221,77
1400000US53033028802,53033028802,"Census Tract 288.02, King County, Washington",2265,225,960,151,1305,236
1400000US53033028901,53033028901,"Census Tract 289.01, King County, Washington",1553,117,944,114,609,105
1400000US53033028902,53033028902,"Census Tract 289.02, King County, Washington",2129,224,809,148,1320,217
1400000US53033029001,53033029001,"Census Tract 290.01, King County, Washington",1801,169,1509,201,292,131
1400000US53033029003,53033029003,"Census Tract 290.03, King County, Washington",1864,177,930,139,934,168
1400000US53033029004,53033029004,"Census Tract 290.04, King County, Washington",1239,82,436,67,803,94
1400000US53033029100,53033029100,"Census Tract 291, King County, Washington",2280,91,1694,148,586,130
1400000US53033029201,53033029201,"Census Tract 292.01, King County, Washington",4163,184,1609,191,2554,219
1400000US53033029203,53033029203,"Census Tract 292.03, King County, Washington",1213,76,374,77,839,105
1400000US53033029204,53033029204,"Census Tract 292.04, King County, Washington",2102,159,874,123,1228,184
1400000US53033029303,53033029303,"Census Tract 293.03, King County, Washington",2816,135,1693,154,1123,173
1400000US53033029304,53033029304,"Census Tract 293.04, King County, Washington",1630,91,1338,97,292,84
1400000US53033029305,53033029305,"Census Tract 293.05, King County, Washington",1310,68,946,120,364,123
1400000US53033029306,53033029306,"Census Tract 293.06, King County, Washington",1225,73,1028,106,197,76
1400000US53033029307,53033029307,"Census Tract 293.07, King County, Washington",1304,82,1123,102,181,86
1400000US53033029403,53033029403,"Census Tract 294.03, King County, Washington",1990,72,1466,119,524,101
1400000US53033029405,53033029405,"Census Tract 294.05, King County, Washington",1811,83,1537,125,274,103
1400000US53033029406,53033029406,"Census Tract 294.06, King County, Washington",1468,65,1156,92,312,91
1400000US53033029407,53033029407,"Census Tract 294.07, King County, Washington",1543,92,598,99,945,102
1400000US53033029408,53033029408,"Census Tract 294.08, King County, Washington",1658,78,829,97,829,114
1400000US53033029502,53033029502,"Census Tract 295.02, King County, Washington",1870,99,1586,110,284,104
1400000US53033029503,53033029503,"Census Tract 295.03, King County, Washington",2938,167,697,113,2241,181
1400000US53033029504,53033029504,"Census Tract 295.04, King County, Washington",1832,113,394,112,1438,127
1400000US53033029601,53033029601,"Census Tract 296.01, King County, Washington",2039,128,1447,165,592,165
1400000US53033029602,53033029602,"Census Tract 296.02, King County, Washington",1296,69,1233,70,63,43
1400000US53033029700,53033029700,"Census Tract 297, King County, Washington",2779,179,1261,177,1518,227
1400000US53033029801,53033029801,"Census Tract 298.01, King County, Washington",2802,123,1378,136,1424,155
1400000US53033029802,53033029802,"Census Tract 298.02, King County, Washington",2954,104,2375,198,579,166
1400000US53033029901,53033029901,"Census Tract 299.01, King County, Washington",1544,64,1067,106,477,122
1400000US53033029902,53033029902,"Census Tract 299.02, King County, Washington",1380,77,1257,99,123,77
1400000US53033030002,53033030002,"Census Tract 300.02, King County, Washington",3315,135,1767,239,1548,240
1400000US53033030003,53033030003,"Census Tract 300.03, King County, Washington",2382,127,1657,149,725,134
1400000US53033030004,53033030004,"Census Tract 300.04, King County, Washington",2817,133,911,162,1906,187
1400000US53033030100,53033030100,"Census Tract 301, King County, Washington",2776,112,2313,153,463,135
1400000US53033030201,53033030201,"Census Tract 302.01, King County, Washington",1898,92,1168,128,730,113
1400000US53033030202,53033030202,"Census Tract 302.02, King County, Washington",2169,134,1375,179,794,137
1400000US53033030303,53033030303,"Census Tract 303.03, King County, Washington",3212,170,1491,182,1721,216
1400000US53033030304,53033030304,"Census Tract 303.04, King County, Washington",978,51,734,97,244,94
1400000US53033030305,53033030305,"Census Tract 303.05, King County, Washington",1962,97,1375,136,587,124
1400000US53033030306,53033030306,"Census Tract 303.06, King County, Washington",1957,56,1687,101,270,92
1400000US53033030308,53033030308,"Census Tract 303.08, King County, Washington",2100,144,1278,162,822,177
1400000US53033030309,53033030309,"Census Tract 303.09, King County, Washington",2362,131,793,147,1569,181
1400000US53033030310,53033030310,"Census Tract 303.10, King County, Washington",1909,98,1204,114,705,111
1400000US53033030311,53033030311,"Census Tract 303.11, King County, Washington",1608,65,1294,105,314,91
1400000US53033030312,53033030312,"Census Tract 303.12, King County, Washington",1754,79,1036,132,718,142
1400000US53033030401,53033030401,"Census Tract 304.01, King County, Washington",2756,135,1835,193,921,184
1400000US53033030403,53033030403,"Census Tract 304.03, King County, Washington",1525,73,1365,85,160,73
1400000US53033030404,53033030404,"Census Tract 304.04, King County, Washington",1487,76,1389,96,98,69
1400000US53033030501,53033030501,"Census Tract 305.01, King County, Washington",813,78,138,57,675,100
1400000US53033030503,53033030503,"Census Tract 305.03, King County, Washington",1517,94,476,90,1041,118
1400000US53033030504,53033030504,"Census Tract 305.04, King County, Washington",1729,128,795,115,934,143
1400000US53033030600,53033030600,"Census Tract 306, King County, Washington",2119,85,1085,137,1034,138
1400000US53033030700,53033030700,"Census Tract 307, King County, Washington",1458,111,609,94,849,115
1400000US53033030801,53033030801,"Census Tract 308.01, King County, Washington",2179,119,1205,141,974,149
1400000US53033030802,53033030802,"Census Tract 308.02, King County, Washington",1274,93,647,102,627,103
1400000US53033030901,53033030901,"Census Tract 309.01, King County, Washington",1023,83,783,115,240,72
1400000US53033030902,53033030902,"Census Tract 309.02, King County, Washington",1651,166,800,152,851,134
1400000US53033031000,53033031000,"Census Tract 310, King County, Washington",1133,88,976,100,157,69
1400000US53033031100,53033031100,"Census Tract 311, King County, Washington",2638,87,1534,146,1104,148
1400000US53033031202,53033031202,"Census Tract 312.02, King County, Washington",2061,111,1836,131,225,97
1400000US53033031204,53033031204,"Census Tract 312.04, King County, Washington",2335,129,2004,145,331,123
1400000US53033031205,53033031205,"Census Tract 312.05, King County, Washington",1917,111,1448,114,469,122
1400000US53033031206,53033031206,"Census Tract 312.06, King County, Washington",1429,72,1001,97,428,70
1400000US53033031301,53033031301,"Census Tract 313.01, King County, Washington",984,78,878,89,106,84
1400000US53033031302,53033031302,"Census Tract 313.02, King County, Washington",1845,103,1273,116,572,113
1400000US53033031400,53033031400,"Census Tract 314, King County, Washington",2621,149,1719,208,902,205
1400000US53033031501,53033031501,"Census Tract 315.01, King County, Washington",1354,78,1162,103,192,101
1400000US53033031502,53033031502,"Census Tract 315.02, King County, Washington",1517,101,1256,100,261,89
1400000US53033031601,53033031601,"Census Tract 316.01, King County, Washington",1577,82,1526,81,51,38
1400000US53033031602,53033031602,"Census Tract 316.02, King County, Washington",2522,147,2297,159,225,122
1400000US53033031603,53033031603,"Census Tract 316.03, King County, Washington",1765,108,1626,118,139,70
1400000US53033031702,53033031702,"Census Tract 317.02, King County, Washington",3123,194,2714,224,409,129
1400000US53033031703,53033031703,"Census Tract 317.03, King County, Washington",2313,138,2007,137,306,116
1400000US53033031704,53033031704,"Census Tract 317.04, King County, Washington",1634,75,1182,121,452,102
1400000US53033031800,53033031800,"Census Tract 318, King County, Washington",1582,95,1481,101,101,49
1400000US53033031903,53033031903,"Census Tract 319.03, King County, Washington",2243,96,2103,105,140,60
1400000US53033031904,53033031904,"Census Tract 319.04, King County, Washington",1186,78,1071,79,115,62
1400000US53033031906,53033031906,"Census Tract 319.06, King County, Washington",1199,60,1141,73,58,39
1400000US53033031907,53033031907,"Census Tract 319.07, King County, Washington",2817,100,2684,121,133,92
1400000US53033031908,53033031908,"Census Tract 319.08, King County, Washington",1851,162,927,120,924,161
1400000US53033031909,53033031909,"Census Tract 319.09, King County, Washington",1169,26,918,71,251,71
1400000US53033032002,53033032002,"Census Tract 320.02, King County, Washington",1136,71,939,91,197,100
1400000US53033032003,53033032003,"Census Tract 320.03, King County, Washington",2174,89,1999,113,175,92
1400000US53033032005,53033032005,"Census Tract 320.05, King County, Washington",2326,108,2032,159,294,153
1400000US53033032006,53033032006,"Census Tract 320.06, King County, Washington",1639,39,1552,70,87,68
1400000US53033032007,53033032007,"Census Tract 320.07, King County, Washington",1320,76,964,103,356,99
1400000US53033032008,53033032008,"Census Tract 320.08, King County, Washington",1651,101,1606,106,45,34
1400000US53033032009,53033032009,"Census Tract 320.09, King County, Washington",3181,169,2777,180,404,110
1400000US53033032102,53033032102,"Census Tract 321.02, King County, Washington",1764,95,1696,99,68,44
1400000US53033032103,53033032103,"Census Tract 321.03, King County, Washington",1899,113,1132,150,767,158
1400000US53033032104,53033032104,"Census Tract 321.04, King County, Washington",2239,80,1474,135,765,133
1400000US53033032203,53033032203,"Census Tract 322.03, King County, Washington",2104,127,1979,138,125,74
1400000US53033032207,53033032207,"Census Tract 322.07, King County, Washington",1091,45,985,66,106,58
1400000US53033032208,53033032208,"Census Tract 322.08, King County, Washington",3363,179,2097,186,1266,181
1400000US53033032209,53033032209,"Census Tract 322.09, King County, Washington",4236,167,4144,178,92,56
1400000US53033032210,53033032210,"Census Tract 322.10, King County, Washington",2119,166,1794,152,325,77
1400000US53033032211,53033032211,"Census Tract 322.11, King County, Washington",1610,78,1202,97,408,96
1400000US53033032212,53033032212,"Census Tract 322.12, King County, Washington",2982,55,2196,154,786,162
1400000US53033032307,53033032307,"Census Tract 323.07, King County, Washington",2259,65,2161,77,98,64
1400000US53033032309,53033032309,"Census Tract 323.09, King County, Washington",1901,119,550,123,1351,155
1400000US53033032311,53033032311,"Census Tract 323.11, King County, Washington",2048,104,1935,106,113,72
1400000US53033032312,53033032312,"Census Tract 323.12, King County, Washington",2744,120,2654,121,90,47
1400000US53033032313,53033032313,"Census Tract 323.13, King County, Washington",2587,176,921,124,1666,208
1400000US53033032314,53033032314,"Census Tract 323.14, King County, Washington",3052,100,2694,115,358,70
1400000US53033032315,53033032315,"Census Tract 323.15, King County, Washington",1951,78,1800,81,151,64
1400000US53033032316,53033032316,"Census Tract 323.16, King County, Washington",1633,71,1484,89,149,75
1400000US53033032317,53033032317,"Census Tract 323.17, King County, Washington",1943,99,1704,107,239,75
1400000US53033032318,53033032318,"Census Tract 323.18, King County, Washington",1674,89,1497,102,177,70
1400000US53033032319,53033032319,"Census Tract 323.19, King County, Washington",2128,160,942,148,1186,175
1400000US53033032320,53033032320,"Census Tract 323.20, King County, Washington",1399,101,1262,108,137,96
1400000US53033032321,53033032321,"Census Tract 323.21, King County, Washington",1373,81,1231,88,142,74
1400000US53033032322,53033032322,"Census Tract 323.22, King County, Washington",1234,35,1079,58,155,57
1400000US53033032323,53033032323,"Census Tract 323.23, King County, Washington",1876,74,1282,95,594,76
1400000US53033032324,53033032324,"Census Tract 323.24, King County, Washington",2076,95,1363,128,713,147
1400000US53033032325,53033032325,"Census Tract 323.25, King County, Washington",2442,127,947,152,1495,179
1400000US53033032401,53033032401,"Census Tract 324.01, King County, Washington",1756,96,1614,122,142,82
1400000US53033032402,53033032402,"Census Tract 324.02, King County, Washington",1873,123,1727,141,146,79
1400000US53033032500,53033032500,"Census Tract 325, King County, Washington",1849,86,1592,116,257,76
1400000US53033032601,53033032601,"Census Tract 326.01, King County, Washington",1117,77,912,97,205,82
1400000US53033032602,53033032602,"Census Tract 326.02, King County, Washington",2796,140,2523,149,273,97
1400000US53033032702,53033032702,"Census Tract 327.02, King County, Washington",2341,146,2009,145,332,141
1400000US53033032703,53033032703,"Census Tract 327.03, King County, Washington",585,70,490,75,95,53
1400000US53033032704,53033032704,"Census Tract 327.04, King County, Washington",2248,281,1426,234,822,191
1400000US53033032800,53033032800,"Census Tract 328, King County, Washington",1087,94,926,94,161,50
